{
  "schema_version": "1.0.0",
  "producer": "scheme/0.1.0",
  "length_units": "mm",
  "box_dims_mm": [
    127.76,
    85.47
  ],
  "nodes": [
    {
      "id": 0,
      "point_mm": [
        0.0,
        42.735
      ]
    },
    {
      "id": 1,
      "point_mm": [
        127.76,
        42.735
      ]
    }
  ],
  "channels": [
    {
      "id": 0,
      "from_node_id": 0,
      "to_node_id": 1,
      "centerline_mm": [
        [
          0.0,
          42.735
        ],
        [
          0.6420100502512563,
          42.73500000000021
        ],
        [
          1.2840201005025127,
          42.735000000099234
        ],
        [
          1.926030150753769,
          42.73500000342266
        ],
        [
          2.5680402010050254,
          42.73500004051756
        ],
        [
          3.210050251256282,
          42.73500026546843
        ],
        [
          3.852060301507538,
          42.73500118955152
        ],
        [
          4.494070351758794,
          42.735004075055926
        ],
        [
          5.136080402010051,
          42.73501138359165
        ],
        [
          5.778090452261307,
          42.7350269561361
        ],
        [
          6.420100502512564,
          42.735
        ],
        [
          7.06211055276382,
          42.73500000098729
        ],
        [
          7.704120603015076,
          42.735000023913344
        ],
        [
          8.346130653266332,
          42.73500018503609
        ],
        [
          8.988140703517589,
          42.73500086655729
        ],
        [
          9.630150753768843,
          42.735003025978074
        ],
        [
          10.272160804020102,
          42.73500867061977
        ],
        [
          10.914170854271356,
          42.73502148417828
        ],
        [
          11.556180904522614,
          42.7350475288044
        ],
        [
          12.19819095477387,
          42.73509586265632
        ],
        [
          12.840201005025127,
          42.73517881941637
        ],
        [
          13.482211055276382,
          42.7353116100083
        ],
        [
          14.12422110552764,
          42.73551085116481
        ],
        [
          14.766231155778895,
          42.73579162897074
        ],
        [
          15.408241206030151,
          42.73616279897332
        ],
        [
          16.050251256281406,
          42.735001647954974
        ],
        [
          16.692261306532664,
          42.735158249945556
        ],
        [
          17.334271356783923,
          42.735657841804134
        ],
        [
          17.976281407035177,
          42.73662880910775
        ],
        [
          18.618291457286432,
          42.73819154867659
        ],
        [
          19.260301507537687,
          42.74043736956182
        ],
        [
          19.902311557788945,
          42.74340133852774
        ],
        [
          20.544321608040203,
          42.747029190888526
        ],
        [
          21.186331658291458,
          42.7511388269848
        ],
        [
          21.828341708542712,
          42.755377352789914
        ],
        [
          22.47035175879397,
          42.7591750808858
        ],
        [
          23.11236180904523,
          42.761698362997656
        ],
        [
          23.754371859296484,
          42.76180355285483
        ],
        [
          24.39638190954774,
          42.75799477260108
        ],
        [
          25.038391959798993,
          42.74838845156097
        ],
        [
          25.680402010050255,
          42.730687798374305
        ],
        [
          26.32241206030151,
          42.70217043435527
        ],
        [
          26.964422110552764,
          42.659692339195736
        ],
        [
          27.60643216080402,
          42.59971102650296
        ],
        [
          28.24844221105528,
          42.51833046874679
        ],
        [
          28.890452261306535,
          42.41136972831709
        ],
        [
          29.53246231155779,
          42.274456530170774
        ],
        [
          30.174472361809045,
          42.10314614615748
        ],
        [
          30.816482412060303,
          41.893064973276736
        ],
        [
          31.45849246231156,
          41.64007710675397
        ],
        [
          32.10050251256281,
          41.340471069368625
        ],
        [
          32.74251256281407,
          40.99116270190026
        ],
        [
          33.38452261306533,
          40.58990909110641
        ],
        [
          34.02653266331658,
          40.13552735925586
        ],
        [
          34.668542713567845,
          39.62811121183345
        ],
        [
          35.310552763819096,
          39.06923738560916
        ],
        [
          35.952562814070355,
          38.46215360292929
        ],
        [
          36.59457286432161,
          37.81193936006937
        ],
        [
          37.236582914572864,
          37.12563089121812
        ],
        [
          37.87859296482412,
          36.4123019800067
        ],
        [
          38.52060301507537,
          35.683092952217024
        ],
        [
          39.16261306532663,
          34.951181179792044
        ],
        [
          39.80462311557789,
          34.23168774867273
        ],
        [
          40.44663316582915,
          33.57385906360823
        ],
        [
          41.088643216080406,
          33.302485118611045
        ],
        [
          41.730653266331664,
          33.25671789919634
        ],
        [
          42.372663316582916,
          33.42487969932104
        ],
        [
          43.014673366834174,
          33.71775620601376
        ],
        [
          43.656683417085425,
          34.080578391773116
        ],
        [
          44.29869346733668,
          34.512717501794924
        ],
        [
          44.94070351758794,
          35.013017075147665
        ],
        [
          45.5827135678392,
          35.579790589628146
        ],
        [
          46.22472361809046,
          36.21082306513061
        ],
        [
          46.86673366834171,
          36.903376670964356
        ],
        [
          47.50874371859297,
          37.65420035318019
        ],
        [
          48.150753768844226,
          38.45954346817398
        ],
        [
          48.79276381909548,
          39.31517337884145
        ],
        [
          49.434773869346735,
          40.21639693957952
        ],
        [
          50.076783919597986,
          41.158085766686895
        ],
        [
          50.71879396984925,
          42.134705161428975
        ],
        [
          51.36080402010051,
          43.1403465244173
        ],
        [
          52.00281407035176,
          44.16876307222771
        ],
        [
          52.64482412060302,
          45.21340864055222
        ],
        [
          53.28683417085427,
          46.26747933285259
        ],
        [
          53.92884422110553,
          47.32395774965375
        ],
        [
          54.57085427135679,
          48.37565951146823
        ],
        [
          55.21286432160804,
          49.415281768056246
        ],
        [
          55.854874371859296,
          50.435453368462284
        ],
        [
          56.49688442211056,
          51.42878635017808
        ],
        [
          57.13889447236181,
          52.387928392001946
        ],
        [
          57.78090452261307,
          69.12469388029601
        ],
        [
          58.42291457286432,
          71.2095334157532
        ],
        [
          59.06492462311558,
          73.11985382554354
        ],
        [
          59.70693467336684,
          74.83638706537641
        ],
        [
          60.34894472361809,
          76.34172255981264
        ],
        [
          60.99095477386935,
          77.62051966086753
        ],
        [
          61.632964824120606,
