{
  "schema_version": "1.0.0",
  "producer": "scheme/0.1.0",
  "length_units": "mm",
  "box_dims_mm": [
    127.76,
    85.47
  ],
  "nodes": [
    {
      "id": 0,
      "point_mm": [
        0.0,
        42.735
      ]
    },
    {
      "id": 1,
      "point_mm": [
        127.76,
        42.735
      ]
    }
  ],
  "channels": [
    {
      "id": 0,
      "from_node_id": 0,
      "to_node_id": 1,
      "centerline_mm": [
        [
          0.0,
          42.735
        ],
        [
          2.60734693877551,
          42.735
        ],
        [
          5.21469387755102,
          42.735
        ],
        [
          7.822040816326531,
          42.735
        ],
        [
          10.42938775510204,
          42.735
        ],
        [
          13.03673469387755,
          42.735
        ],
        [
          15.644081632653062,
          42.735
        ],
        [
          18.251428571428573,
          42.735
        ],
        [
          20.85877551020408,
          42.735
        ],
        [
          23.46612244897959,
          42.735
        ],
        [
          26.0734693877551,
          42.735
        ],
        [
          28.68081632653061,
          42.735
        ],
        [
          31.288163265306125,
          42.735
        ],
        [
          33.89551020408163,
          42.735
        ],
        [
          36.502857142857145,
          42.735
        ],
        [
          39.110204081632645,
          42.735
        ],
        [
          41.71755102040816,
          42.735
        ],
        [
          44.32489795918367,
          42.735
        ],
        [
          46.93224489795918,
          42.735
        ],
        [
          49.539591836734694,
          42.735
        ],
        [
          52.1469387755102,
          42.735
        ],
        [
          54.754285714285714,
          42.735
        ],
        [
          57.36163265306122,
          42.735
        ],
        [
          59.968979591836735,
          42.735
        ],
        [
          62.57632653061225,
          42.735
        ],
        [
          65.18367346938776,
          42.735
        ],
        [
          67.79102040816326,
          42.735
        ],
        [
          70.39836734693877,
          42.735
        ],
        [
          73.00571428571429,
          42.735
        ],
        [
          75.6130612244898,
          42.735
        ],
        [
          78.22040816326529,
          42.735
        ],
        [
          80.82775510204081,
          42.735
        ],
        [
          83.43510204081632,
          42.735
        ],
        [
          86.04244897959184,
          42.735
        ],
        [
          88.64979591836735,
          42.735
        ],
        [
          91.25714285714285,
          42.735
        ],
        [
          93.86448979591836,
          42.735
        ],
        [
          96.47183673469388,
          42.735
        ],
        [
          99.07918367346939,
          42.735
        ],
        [
          101.6865306122449,
          42.735
        ],
        [
          104.2938775510204,
          42.735
        ],
        [
          106.90122448979591,
          42.735
        ],
        [
          109.50857142857143,
          42.735
        ],
        [
          112.11591836734694,
          42.735
        ],
        [
          114.72326530612244,
          42.735
        ],
        [
          117.33061224489795,
          42.735
        ],
        [
          119.93795918367347,
          42.735
        ],
        [
          122.54530612244898,
          42.735
        ],
        [
          125.1526530612245,
          42.735
        ],
        [
          127.75999999999999,
          42.735
        ]
      ],
      "centerline_length_mm": 127.75999999999999,
      "profile": {
        "profile_type": "frustum",
        "inlet_width_mm": 4.0,
        "throat_width_mm": 2.0,
        "outlet_width_mm": 4.0,
        "height_mm": 4.0,
        "taper_profile": "Linear",
        "throat_position": 0.5,
        "width_profile_mm": [
          4.0,
          3.9183673469387754,
          3.836734693877551,
          3.7551020408163267,
          3.673469387755102,
          3.5918367346938775,
          3.510204081632653,
          3.428571428571429,
          3.3469387755102042,
          3.2653061224489797,
          3.183673469387755,
          3.1020408163265305,
          3.020408163265306,
          2.9387755102040813,
          2.857142857142857,
          2.7755102040816326,
          2.6938775510204085,
          2.612244897959184,
          2.5306122448979593,
          2.4489795918367347,
          2.36734693877551,
          2.2857142857142856,
          2.204081632653061,
          2.1224489795918364,
          2.0408163265306123,
          2.0408163265306123,
          2.122448979591837,
          2.204081632653061,
          2.2857142857142856,
          2.36734693877551,
          2.4489795918367347,
          2.5306122448979593,
          2.6122448979591835,
          2.693877551020408,
          2.7755102040816326,
          2.857142857142857,
          2.938775510204082,
          3.020408163265306,
          3.1020408163265305,
          3.183673469387755,
          3.2653061224489797,
          3.3469387755102042,
          3.4285714285714284,
          3.510204081632653,
          3.5918367346938775,
          3.673469387755102,
          3.7551020408163267,
          3.836734693877551,
          3.9183673469387754,
          4.0
        ],
        "area_profile_mm2": [
          16.0,
          15.673469387755102,
          15.346938775510203,
          15.020408163265307,
          14.693877551020408,
          14.36734693877551,
          14.040816326530612,
          13.714285714285715,
          13.387755102040817,
          13.061224489795919,
          12.73469387755102,
          12.408163265306122,
          12.081632653061224,
          11.755102040816325,
          11.428571428571429,
          11.10204081632653,
          10.775510204081634,
          10.448979591836736,
          10.122448979591837,
          9.795918367346939,
          9.46938775510204,
          9.142857142857142,
          8.816326530612244,
          8.489795918367346,
          8.16326530612245,
          8.16326530612245,
          8.489795918367347,
          8.816326530612244,
          9.142857142857142,
          9.46938775510204,
          9.795918367346939,
          10.122448979591837,
          10.448979591836734,
          10.775510204081632,
          11.10204081632653,
          11.428571428571429,
          11.755102040816327,
          12.081632653061224,
          12.408163265306122,
          12.73469387755102,
          13.061224489795919,
          13.387755102040817,
          13.714285714285714,
          14.040816326530612,
          14.36734693877551,
          14.693877551020408,
          15.020408163265307,
          15.346938775510203,
          15.673469387755102,
          16.0
        ],
        "has_venturi_throat": true
      }
    }
  ]
}